<?xml version='1.0' encoding='UTF-8' ?>
<!-- was: <?xml version="1.0" encoding="UTF-8"?> -->
<beans xmlns="http://www.springframework.org/schema/beans"
       xmlns:xsi="http://www.w3.org/2001/XMLSchema-instance"
       xmlns:p="http://www.springframework.org/schema/p"
       xmlns:aop="http://www.springframework.org/schema/aop"
       xmlns:tx="http://www.springframework.org/schema/tx"
       xmlns:mvc="http://www.springframework.org/schema/mvc"
       xmlns:context="http://www.springframework.org/schema/context"
       xsi:schemaLocation="http://www.springframework.org/schema/beans http://www.springframework.org/schema/beans/spring-beans-4.0.xsd
       http://www.springframework.org/schema/aop http://www.springframework.org/schema/aop/spring-aop-4.0.xsd
       http://www.springframework.org/schema/context http://www.springframework.org/schema/context/spring-context-4.0.xsd
       http://www.springframework.org/schema/tx http://www.springframework.org/schema/tx/spring-tx-4.0.xsd
       http://www.springframework.org/schema/mvc http://www.springframework.org/schema/mvc/spring-mvc-4.0.xsd">

    <bean class="org.springframework.web.servlet.mvc.support.ControllerClassNameHandlerMapping"/>

    <!-- Kết nối CSDL -->
    <bean id="dataSource" 
              class="org.springframework.jdbc.datasource.DriverManagerDataSource"
              p:driverClassName="com.microsoft.sqlserver.jdbc.SQLServerDriver"
              p:url="jdbc:sqlserver://localhost:1433; Database=masv_hoten_java5"
              p:username="sa"
              p:password="">
    </bean>
	
    <!-- Cấu hình Hibernate -->
    <bean id="sessionFactory" 
              class="org.springframework.orm.hibernate4.LocalSessionFactoryBean">
        <property name="dataSource" ref="dataSource"/>
        <property name="hibernateProperties">
            <props>        
                <prop key="hibernate.dialect">org.hibernate.dialect.SQLServerDialect</prop>          
                <prop key="hibernate.show_sql">false</prop>
            </props>
        </property>
        <property name="packagesToScan" value="entity"/>
    </bean>
        
    <bean id="mailSender"   class="org.springframework.mail.javamail.JavaMailSenderImpl">  
        <property name="host" value="smtp.gmail.com" />  
        <property name="port" value="587" />   
        <property name="username" value="alzerodz@gmail.com" />  
        <property name="password" value="ReLifeDeath0@#$" />   
        <property name="defaultEncoding" value="UTF-8"/>   
        <property name="javaMailProperties">     
            <props>               
                <prop key="mail.smtp.auth">true</prop>               
                <prop key="mail.smtp.socketFactory.class"> javax.net.ssl.SSLSocketFactory</prop>            
                <prop key="mail.smtp.socketFactory.port">465</prop>               
                <prop key="mail.smtp.starttls.enable">true</prop>               
                <prop key="mail.debug">true</prop>        
            </props>  
        </property>  
    </bean>
</beans>
